{
  "Adoucisseur BWT PERMO Aqa Perla 10": {
    "id": "PERLA10017-L",
    "urls": {
      "manomano": "https://www.manomano.fr/catalogue/p/adoucisseur-deau-aqa-perla-10-10l-18322656?model_id=18320658/",
      "sanitaire-pas-cher": "https://sanitaire-pas-cher.fr/adoucisseur/798-adoucisseur-aqa-perla-permo-bwt/4227#/637-type-aqa_perla_10",
      "domomat": "https://www.domomat.com/40807-adoucisseur-d-eau-aqa-perla-10-16l-1-avec-mise-en-service-bwt-perla10017.html",
      "eau-go": "https://www.eau-go.fr/adoucisseur-permo-bwt-aqa-perla-10-460.html?search_query=Adoucisseur+BWT+PERMO+Aqa+Perla+10&results=45"
    }
  },
  "Adoucisseur BWT PERMO AQA PERLA": {
    "id": "P0002440-L",
    "urls": {
      "manomano": "https://www.manomano.fr/p/bwt-perla-40-systeme-deau-douce-duplex-11424-11424-13717116",
      "sanitaire-pas-cher": "",
      "domomat": "https://www.domomat.com/45162-adoucisseur-d-eau-perla-2x32l-dn32-avec-mise-en-service-bwt-p0002440.html",
      "eau-go": "https://www.eau-go.fr/adoucisseur-bwt-permo-perla-livre-1011.html?search_query=P0002440&results=2"
    }
  },
  "Adoucisseur BWT PERMO Aqa Perla 05": {
    "id": "PERLA05017-L",
    "urls": {
      "manomano": "",
      "sanitaire-pas-cher": "https://sanitaire-pas-cher.fr/adoucisseur/798-adoucisseur-aqa-perla-permo-bwt/4226#/636-type-aqa_perla_05",
      "domomat": "",
      "eau-go": "https://www.eau-go.fr/adoucisseur-bwt-permo-aqa-perla-05-livraison-gratuite-930.html?search_query=Adoucisseur+BWT+PERMO+Aqa+Perla+10&results=45"
    }
  },
  "Adoucisseur CILLIT Access 16L": {
    "id": "C0025202A-L",
    "urls": {
      "manomano": "https://www.manomano.fr/catalogue/p/adoucisseur-access-compact-3022334/",
      "sanitaire-pas-cher": "https://sanitaire-pas-cher.fr/adoucisseur/7488-adoucisseur-access-compact-cillit-bwt",
      "domomat": "",
      "eau-go": "https://www.eau-go.fr/adoucisseur-cillit-access-livre-94.html?search_query=C0025202A&results=2"
    }
  },
  "Adoucisseur CILLIT Aquium 90 Bio Compact": {
    "id": "C0025216-L",
    "urls": {
      "manomano": "",
      "sanitaire-pas-cher": "",
      "domomat": "",
      "eau-go": "https://www.eau-go.fr/adoucisseur-cillit-aquium-100-bio-compact-livre-92.html?search_query=C0025216&results=1"
    }
  },
  "Adoucisseur BWT PERMO Aqa Perla 30": {
    "id": "PERLA30017-L",
    "urls": {
      "manomano": "https://www.manomano.fr/catalogue/p/adoucisseur-deau-aqa-perla-20-20l-1-avec-mise-en-service-13796886/",
      "sanitaire-pas-cher": "https://sanitaire-pas-cher.fr/adoucisseur/798-adoucisseur-aqa-perla-permo-bwt/4229#/639-type-aqa_perla_30",
      "domomat": "https://www.domomat.com/40810-adoucisseur-d-eau-aqa-perla-30-30l-1-avec-mise-en-service-bwt-perla30017.html",
      "eau-go": "https://www.eau-go.fr/adoucisseur-bwt-aqa-perla-30-227.html?search_query=PERLA30017&results=2"
    }
  },
  "Adoucisseur BWT PERMO Volumeco": {
    "id": "VOLU017-L",
    "urls": {
      "manomano": "https://www.manomano.fr/p/adoucisseur-deau-automatique-volumeco-16l-bwt-france-permo-1321369/",
      "sanitaire-pas-cher": "https://sanitaire-pas-cher.fr/adoucisseur/5484-adoucisseur-monobloc-volumeco-permo-bwt",
      "domomat": "https://www.domomat.com/40814-adoucisseur-d-eau-volumeco-16l-1-avec-mise-en-service-bwt-volu017.html",
      "eau-go": "https://www.eau-go.fr/adoucisseur-bwt-permo-volumeco-651.html?search_query=VOLU017&results=5"
    }
  },
  "Adoucisseur BWT PERMO Aqa Perla Compact": {
    "id": "PERLACO017-L",
    "urls": {
      "manomano": "https://www.manomano.fr/p/adoucisseur-aqa-perla-compact-9016606/",
      "sanitaire-pas-cher": "https://sanitaire-pas-cher.fr/adoucisseur/8088-adoucisseur-aqa-perla-compact-permo-bwt",
      "domomat": "https://www.domomat.com/40806-adoucisseur-d-eau-aqa-perla-compact-54l-1-avec-mise-en-service-bwt-perlaco017.html",
      "eau-go": "https://www.eau-go.fr/adoucisseur-bwt-aqa-perla-compact-livre-540.html?search_query=PERLACO017&results=2"
    }
  },
  "Adoucisseur BWT PERMO Aqa Perla 20": {
    "id": "PERLA20017-L",
    "urls": {
      "manomano": "https://www.manomano.fr/catalogue/p/adoucisseur-deau-aqa-perla-20-20l-1-avec-mise-en-service-13796868/",
      "sanitaire-pas-cher": "https://sanitaire-pas-cher.fr/adoucisseur/798-adoucisseur-aqa-perla-permo-bwt/4228#/638-type-aqa_perla_20",
      "domomat": "https://www.domomat.com/40808-adoucisseur-d-eau-aqa-perla-20-20l-1-avec-mise-en-service-bwt-perla20017.html",
      "eau-go": "https://www.eau-go.fr/adoucisseur-bwt-aqa-perla-20-616.html?search_query=PERLA20017&results=2"
    }
  },
  "Adoucisseur WATERSIDE 16L": {
    "id": "C0025204-L",
    "urls": {
      "manomano": "https://www.manomano.fr/catalogue/p/adoucisseur-waterside-16l-18322658?model_id=18320660/",
      "sanitaire-pas-cher": "",
      "domomat": "",
      "eau-go": "https://www.eau-go.fr/adoucisseur-waterside-205.html?search_query=C0025204&results=2"
    }
  }
}